YEAR,CITY_NAME,CITY,NAME,JANUARY,FEBRUARY,MARCH,APRIL,MAY,JUNE,JULY,AUGUST,SEPTEMBER,OCTOBER,NOVEMBER,DECEMBER
2022,서울특별시 종로구,서울특별시,종로구,163322953,154459935,134597421,123998502,122507867,137709225,166310833,175846293,148813409,123453812,121687271,148532525
2022,서울특별시 중구,서울특별시,중구,213129833,198087817,176903377,162626263,168159612,188922717,228535962,237629451,201147307,166894770,162823855,200338633
2022,서울특별시 용산구,서울특별시,용산구,137560380,132110989,114570962,107874423,107725453,119537976,146398102,160821270,136286659,113598637,109860621,128644854
2022,서울특별시 성동구,서울특별시,성동구,206805972,197703858,176603681,168066382,159556376,174827870,206122492,225764973,197419781,168767617,165644186,187766380
2022,서울특별시 동대문구,서울특별시,동대문구,137692775,134281938,116272608,108725374,100707951,109798543,134400341,151913031,130222573,107300299,104867374,121505998
2022,서울특별시 성북구,서울특별시,성북구,141141013,137790884,118829315,112917239,104680597,113608602,135192117,154389430,132859429,109865421,109242226,126958655
2022,서울특별시 도봉구,서울특별시,도봉구,84596000,82754336,71287803,68298465,62267482,67321170,82371696,92919329,76994414,64845541,65867875,75116656
2022,서울특별시 은평구,서울특별시,은평구,139118927,136721323,118459920,114418615,105759992,113428481,138896693,158365835,133849913,112335900,110833791,123202131
2022,서울특별시 서대문구,서울특별시,서대문구,119765616,114120540,101409548,94302306,91347242,101084643,124460224,135125245,112916339,95827102,94401123,112775042
2022,서울특별시 마포구,서울특별시,마포구,207160969,194503077,174041673,165047742,164217556,180823796,217194316,234999987,201477890,172202628,165363422,188919515
2022,서울특별시 강서구,서울특별시,강서구,248309652,236577281,214025395,204421947,203223995,211604090,260158221,285407539,244163339,209807829,206229455,228798145
2022,서울특별시 구로구,서울특별시,구로구,184463435,176054719,150648270,142216349,136032323,149130843,180115052,196862087,165670603,138912221,139509258,167550060
2022,서울특별시 영등포구,서울특별시,영등포구,250940741,237106752,215641969,201740077,205273302,223560783,274076032,292531050,245700490,205366509,198290776,231872108
2022,서울특별시 동작구,서울특별시,동작구,119722385,115849583,100920586,96895221,91021400,100548940,122422683,137393945,115107016,96153724,94492917,107859610
2022,서울특별시 관악구,서울특별시,관악구,160868220,158045613,136029419,131438774,120449995,132033129,161003442,182463635,155203556,130101652,126939423,141347048
2022,서울특별시 강남구,서울특별시,강남구,464386508,440536007,381189750,343132118,336044552,375384638,462297969,496704099,413746341,348592538,342335337,417815670
2022,서울특별시 강동구,서울특별시,강동구,154450984,148305730,130398112,122949129,116647790,127737403,157154426,173742892,145470880,121860367,121142265,139142933
2022,서울특별시 송파구,서울특별시,송파구,263530600,252587365,232339472,222923415,235730276,250013863,304106637,333692319,280111157,233425913,224386322,251485065
2022,서울특별시 중랑구,서울특별시,중랑구,109137317,106339699,92516603,87553098,80607881,87006833,107899118,122256431,103068555,85005724,84116390,95864210
2022,서울특별시 노원구,서울특별시,노원구,145855038,141564565,123342408,116855377,107120206,116694084,141386542,157491324,131640263,111174984,113163241,133789077
2022,서울특별시 서초구,서울특별시,서초구,308025683,296841388,259402764,240230857,233672457,257421321,313781768,340837152,288798559,243333060,236956251,272597188
2022,서울특별시 양천구,서울특별시,양천구,161075743,156854096,145483878,139600186,132444036,138704013,163773655,184719212,161074345,139094104,132097421,142766661
2022,서울특별시 광진구,서울특별시,광진구,148227234,141987730,122528118,117680839,113988126,126437362,157954003,173914800,144785190,118273562,116238919,133984859
2022,서울특별시 강북구,서울특별시,강북구,88448392,86864313,74191234,70578103,64580038,70065910,84944234,97881376,82483194,68154778,67659068,77206744
2022,서울특별시 금천구,서울특별시,금천구,160281097,149324465,131368565,122487735,120516648,134463600,161135210,169923536,144175925,123976550,122951482,151011127
2022,부산광역시 중구,부산광역시,중구,33013571,32480935,28544574,26842277,25718787,28310358,34189149,39108574,34337192,28159467,25541174,29403948
2022,부산광역시 서구,부산광역시,서구,54738091,50466918,48007990,45871756,44181203,47412366,56157001,63290492,55660391,48325195,48182057,50366249
2022,부산광역시 동구,부산광역시,동구,49755790,48540036,43457258,41439964,38658658,41624788,49798869,55886274,48759213,41593479,39781843,45240889
2022,부산광역시 영도구,부산광역시,영도구,43801709,43036652,37829601,37545879,34263799,35660781,43022930,47437870,41762496,36840129,35740560,40213674
2022,부산광역시 부산진구,부산광역시,부산진구,157252301,141545204,147902165,131552472,128811590,138975557,165675326,184715423,158976707,132488822,127001783,141482321
2022,부산광역시 동래구,부산광역시,동래구,88531901,88187547,78482239,77517962,72425359,77621624,92824641,106223125,93542031,76784939,74602489,81345043
2022,부산광역시 남구,부산광역시,남구,127386716,121960251,117669955,113695581,113181713,116539195,134400038,146880070,127578264,116592324,109483598,114457828
2022,부산광역시 북구,부산광역시,북구,82750574,81396227,70970683,70866984,66458419,71011909,84713090,95653706,81237605,69067567,68956583,75165320
2022,부산광역시 해운대구,부산광역시,해운대구,166766712,161782516,148141711,145094704,142739913,151354991,180665075,200305928,173904073,144945558,138080762,151030391
2022,부산광역시 사하구,부산광역시,사하구,225664666,200857591,208289204,204319067,201235409,203429587,214865805,229373196,196889548,192209716,193059112,200454718
2022,부산광역시 금정구,부산광역시,금정구,102714708,97927306,89842071,87206163,80833722,85697771,99679456,109372919,96777941,82745412,81536925,90280855
2022,부산광역시 강서구,부산광역시,강서구,392374957,364175323,376744118,367472552,360909461,372397981,395805473,387121113,368529820,365298666,363023416,377842531
2022,부산광역시 연제구,부산광역시,연제구,73956388,72714192,64246538,62965633,60029241,64666420,78506208,88912284,75949595,61866173,60256458,66407355
2022,부산광역시 수영구,부산광역시,수영구,57646200,57315497,49640711,48929178,45471248,49304708,60434979,71406052,61833397,50176942,47482434,51500770
2022,부산광역시 사상구,부산광역시,사상구,148997242,141266613,129499971,127835006,119014124,124909665,140031847,146096664,131899089,117530579,122357590,134733360
2022,부산광역시 기장군,부산광역시,기장군,115567577,112995196,105331165,105226075,97901895,114085064,114212194,117016584,107698961,100119488,101530099,121857079
2022,대구광역시 중구,대구광역시,중구,66298620,62933521,53386765,50018146,49926149,58479636,72265353,75156157,60956410,50420285,50550037,62154108
2022,대구광역시 동구,대구광역시,동구,146810606,142645291,123666396,120390557,113162884,124281500,149960342,160236381,137367216,115322296,116629542,132415093
2022,대구광역시 서구,대구광역시,서구,84865059,82587712,75613734,73991343,69828491,76095691,90371359,91612212,80456674,70566048,71635593,77193926
2022,대구광역시 남구,대구광역시,남구,58010607,56514223,49260663,46399053,42805488,47496031,59101563,63527805,53166982,43993251,44563279,51231864
2022,대구광역시 북구,대구광역시,북구,218734599,211664461,188520338,182882924,171990622,187451286,222904053,232465840,201981022,173543487,177120693,199174187
2022,대구광역시 수성구,대구광역시,수성구,160317033,156087534,136700758,132101992,123350034,135509654,166662326,176849904,150413519,126751726,127311732,144327561
2022,대구광역시 달서구,대구광역시,달서구,354317490,338514748,319115537,310175108,297641572,318538732,362594297,370235837,333029937,300256724,307451855,329179219
2022,대구광역시 달성군,대구광역시,달성군,360162680,337677852,340079807,332043322,323680265,339909775,371553856,362654109,341073565,330135773,340034169,358064772
2022,인천광역시 중구,인천광역시,중구,230376923,212864886,206951051,194781343,195764014,204388080,239604495,246949458,222807091,211473000,204024801,231997617
2022,인천광역시 동구,인천광역시,동구,343111981,269674177,328702629,334682761,331392071,274879737,313235803,288476247,283477385,306472515,284279653,280516689
2022,인천광역시 미추홀구,인천광역시,미추홀구,172184319,165495190,147931058,139184748,128388337,137108378,164024518,181012486,158524567,135379671,136748904,160847172
2022,인천광역시 서구,인천광역시,서구,553567756,519991097,495394425,473338584,450960492,465061692,521631781,546028416,481524113,401774581,480133116,520479298
2022,인천광역시 남동구,인천광역시,남동구,378205245,358127862,330578728,309400051,290000865,305823533,347179922,361296926,327156348,292297859,305605294,348166686
2022,인천광역시 부평구,인천광역시,부평구,221113119,213114479,191785370,175882577,165756318,180381501,215211282,228623198,200193881,173736223,178141096,205414719
2022,인천광역시 계양구,인천광역시,계양구,126639154,121702943,109631391,103157170,97165380,102874158,121931037,133587476,113738953,99693298,101039848,115975254
2022,인천광역시 연수구,인천광역시,연수구,263095459,228862614,245780678,215730385,218963914,238673833,287518533,305288569,263300501,232083655,227912195,268985282
2022,인천광역시 강화군,인천광역시,강화군,68641316,68656165,58470926,51391919,43442522,43018581,45431345,51402798,48123297,42718301,52354390,60274404
2022,인천광역시 옹진군,인천광역시,옹진군,23674386,23019891,23692590,23785442,18202294,18041440,17148072,18898856,21590982,15307048,22662347,22790798
2022,광주광역시 동구,광주광역시,동구,60822131,58256334,52244050,48759049,45689719,50528053,61442643,66097799,58024074,48712219,46842952,54685542
2022,광주광역시 서구,광주광역시,서구,147179776,142644216,130450948,126433003,117770173,127060374,152136156,166155567,150585966,125065080,120915345,131155164
2022,광주광역시 북구,광주광역시,북구,213735884,203551051,190073945,184797527,175584785,191917104,228444951,242399045,213004950,182832661,180942932,198709490
2022,광주광역시 광산구,광주광역시,광산구,331235848,313918690,301515164,293384377,279360234,289142205,324723394,338751887,316813443,278690759,283554182,294178552
2022,광주광역시 남구,광주광역시,남구,72909207,70166300,61117088,59518051,54014568,58917281,72051434,78610537,68459310,56278764,58269114,65639675
2022,대전광역시 동구,대전광역시,동구,92147332,90673757,78403074,75112650,65381371,69649920,84585391,91393728,80478535,68538561,69824359,79227407
2022,대전광역시 중구,대전광역시,중구,94328152,92732610,79861004,75312055,68352238,73602732,89784545,99001155,83987685,70383880,70855507,82046324
2022,대전광역시 서구,대전광역시,서구,182483987,179972380,157730418,150869149,137440693,148797536,180697036,202368250,177255886,144791318,142738046,161729514
2022,대전광역시 대덕구,대전광역시,대덕구,247427866,231722353,236806635,229587755,223760901,228064906,253202705,250048385,230422529,223019229,220102862,233175749
2022,대전광역시 유성구,대전광역시,유성구,296836056,277418548,257627954,248619878,247472145,272970408,322150843,330178793,286107170,248849753,246385821,282379700
2022,울산광역시 북구,울산광역시,북구,214032388,199003138,197617807,195437451,188711193,204789900,230165131,231517659,214853593,195400218,198509264,217301917
2022,울산광역시 동구,울산광역시,동구,129363298,114638144,118658452,111189428,115010310,124881201,145180932,135629383,125491902,120646479,116820364,128162713
2022,울산광역시 중구,울산광역시,중구,65744054,64727830,56779051,55946597,51880790,56126641,67622887,76184289,67190756,54007561,53235403,58336064
2022,울산광역시 남구,울산광역시,남구,1368458753,1290710955,1409314219,1329923102,1351304355,1281704154,1443484572,1374309190,1289520913,1170110887,1151054058,1328029338
2022,울산광역시 울주군,울산광역시,울주군,1130327607,1005579502,1081487370,1017558457,1039879878,942874274,1015744318,1084492785,1042985911,1052944240,993440893,1023146797
2022,경기도 의정부시,경기도,의정부시,178506712,173076521,147618079,138228039,127853606,137183074,162560464,182917661,157894906,133390510,136184119,158621362
2022,경기도 광명시,경기도,광명시,107540651,101681729,96088491,93379914,95518018,102855116,118763397,124902921,107219256,94944721,96738343,103275191
2022,경기도 평택시,경기도,평택시,1441905796,1330278651,1395374189,1341742548,1364749033,1254668555,1710803299,1590788098,1473379915,1448850944,1439382560,1552201560
2022,경기도 동두천시,경기도,동두천시,70999508,61644544,55313638,52246732,46018317,48556343,56779383,60821101,52233863,47156177,50303127,57283989
2022,경기도 안산시,경기도,안산시,748173940,692935199,683828115,659274698,638197737,661551941,743109219,738978583,676210986,636343432,641613310,700277773
2022,경기도 과천시,경기도,과천시,41171703,39864852,35011761,32987056,30781850,33610492,41349705,45321965,37313490,32762941,33612874,39422227
2022,경기도 구리시,경기도,구리시,79984000,75671347,66333344,61929897,58939493,63396479,77466961,83979886,70501664,60756297,61183915,72417821
2022,경기도 오산시,경기도,오산시,137154292,131490788,121902212,115994476,109336449,116143754,134103749,142383579,126173198,111911789,114277878,124725885
2022,경기도 군포시,경기도,군포시,148799332,140668350,126933701,120301252,111245880,117799314,138006687,146311024,130802026,111765025,112859029,132372881
2022,경기도 의왕시,경기도,의왕시,83711612,79536928,71032601,68093316,63034896,66203195,77363932,82405965,72241777,63975673,65592560,77245161
2022,경기도 시흥시,경기도,시흥시,471728591,445966119,412266500,391296931,366242370,380850865,428323542,449088678,402197965,370823353,382676775,430916350
2022,경기도 남양주시,경기도,남양주시,356196997,345130689,302684924,283398112,254700169,263698817,304245015,339676000,301262110,261616656,274397743,311321988
2022,경기도 하남시,경기도,하남시,178878539,170431440,152422072,146570905,144581086,155803512,181159953,195347348,168766979,145468556,147993267,165985026
2022,경기도 양주시,경기도,양주시,251312798,237053405,208197496,194382184,172281198,173786756,191137953,233219629,182165914,171863536,177724619,216921483
2022,경기도 여주시,경기도,여주시,156515427,152394857,133450883,120208416,107943893,108752340,116414858,123496251,113666832,105569953,126057528,142202052
2022,경기도 화성시,경기도,화성시,1903894412,1777741724,1772527009,1712271393,1659685091,1706312265,1867560216,1892006709,1754155183,1667280783,1696593707,1825159490
2022,경기도 파주시,경기도,파주시,869737854,817640346,818693316,777156730,763313585,763771393,836970434,855095180,777782179,743307635,756545739,796414050
2022,경기도 광주시,경기도,광주시,295120287,283354293,244680696,227128811,200609575,206904897,234092709,250543101,226590548,202743879,221012077,257448824
2022,경기도 연천군,경기도,연천군,67708291,65455426,54889592,49690157,44339057,43285094,46577920,50118172,46350123,43012287,51265913,58112971
2022,경기도 포천시,경기도,포천시,303672902,297084509,257779222,240318246,208734378,205207772,210289941,222589918,214029781,197566583,228761989,254353166
2022,경기도 가평군,경기도,가평군,84913523,82790056,69155287,58491715,49856727,49249436,55640707,61617258,54776027,50618053,59609988,72578010
2022,경기도 양평군,경기도,양평군,121782929,119451707,97837984,83320322,66701085,64758946,69727499,77674675,70340995,64911691,82247841,99098347
2022,경기도 이천시,경기도,이천시,782018472,722597772,733382342,708130777,712870470,727473048,807772443,802442165,747394505,738242311,776816904,762906470
2022,경기도 용인시,경기도,용인시,1010863293,950219975,917809926,877726095,852080545,873960909,978601087,1019889494,921234053,856610921,864258090,945975132
2022,경기도 안성시,경기도,안성시,347201562,331222394,308378704,290820856,270653873,280619672,307412773,317963636,292469611,269862681,290861595,320456355
2022,경기도 김포시,경기도,김포시,451179860,428103852,383074148,364055589,324775807,333610553,365217551,382741978,361715473,322755863,345558451,399498126
2022,경기도 부천시,경기도,부천시,412288492,391914636,351214147,333533445,315408672,336935260,400022158,428879254,370172417,322993520,326067263,375333631
2022,경기도 성남시,경기도,성남시,508106396,477420733,441985624,418070058,419489290,453307698,543760024,573404746,487102648,423644977,420237582,487445399
2022,경기도 수원시,경기도,수원시,570969016,539258073,487201205,466550012,451428596,486527536,584853521,626761403,530306416,465724678,456342271,524895522
2022,경기도 안양시,경기도,안양시,276921745,262718492,240451332,229052638,222365630,237733592,276548713,299560190,262593966,231076460,229373605,262259413
2022,경기도 고양시,경기도,고양시,505006473,489739980,445761210,404426778,378936811,404581751,485183919,525724839,446412697,388760855,399184952,473973017
2022,강원도 춘천시,강원도,춘천시,192077447,186816757,162707611,150415765,135872177,139597750,159770750,174791565,153591625,136308918,145995507,170846365
2022,강원도 원주시,강원도,원주시,268013804,257833940,229467649,208359592,188896613,193660719,215802751,230903211,209619888,191789980,209132656,242883834
2022,강원도 강릉시,강원도,강릉시,194509438,189473257,172360990,176977164,172534511,166074121,179138750,192192692,166369675,160855522,176843192,183246118
2022,강원도 동해시,강원도,동해시,220945350,190549768,203509252,202811092,215584139,204354655,197852065,197038653,193983796,199216242,187344730,202848370
2022,강원도 태백시,강원도,태백시,32431975,31110433,27890428,26510378,22984200,22341544,22902006,23504542,22991998,22876840,25487430,29819769
2022,강원도 속초시,강원도,속초시,54595859,53991110,46412196,44335954,40064726,42081589,48606661,53688627,46194824,42038961,43959498,49400547
2022,강원도 삼척시,강원도,삼척시,121689548,115044057,122174117,115064208,116960812,113115836,116572225,113882923,112564148,120542749,128293135,121303194
2022,강원도 홍천군,강원도,홍천군,83418753,81898844,68126834,60731245,52082479,52388825,57653504,62279676,55735558,51694502,59919055,73428901
2022,강원도 횡성군,강원도,횡성군,72781622,71069085,62230972,56473517,49806235,49016886,53129697,56445208,52063807,50253005,56793685,66970114
2022,강원도 영월군,강원도,영월군,92990516,87156420,90081930,100009504,99102126,88959756,97105225,92659042,94386040,97587735,100422363,101796379
2022,강원도 평창군,강원도,평창군,76704706,73012874,59232570,51355422,42084730,43963311,44310904,46934316,43731192,45507839,53082942,72407444
2022,강원도 정선군,강원도,정선군,66986712,61939476,55766897,50894818,47215061,45008250,49352699,51315672,47797578,49045621,52979950,65402642
2022,강원도 철원군,강원도,철원군,57112086,56623867,47258780,41940433,37034222,35669657,36173180,38930262,35933078,33680281,45721531,48657792
2022,강원도 화천군,강원도,화천군,30692528,30987868,25174277,22196421,17801628,17554101,19636463,21658520,19867682,18125004,21226322,24898143
2022,강원도 양구군,강원도,양구군,24040144,23924662,19690087,17891363,14330651,13886034,14735172,16411130,15429216,14556074,18348601,20256367
2022,강원도 인제군,강원도,인제군,39808481,39381078,32030493,28817166,24188487,23754443,25018430,27154323,24785931,24096081,28348788,33678922
2022,강원도 고성군,강원도,고성군,36468454,36194003,30851241,28572431,24902667,25310319,28240681,30612875,27674212,25500437,27729926,31425455
2022,강원도 양양군,강원도,양양군,33914042,33572441,28673014,26731946,23556468,23645295,25652864,28722297,26707015,24606154,27419839,29837956
2022,충청북도 충주시,충청북도,충주시,267793130,254149781,239158459,224395081,207992124,214657854,236702363,239659303,223198931,213270400,227164015,254430090
2022,충청북도 제천시,충청북도,제천시,160555966,149270454,148022290,139995468,130256699,124821190,136311978,135607361,129810272,132210348,138331405,155065643
2022,충청북도 보은군,충청북도,보은군,42571504,40694849,36310431,33253154,29689735,30248717,32563846,34016014,31594515,29949000,35419283,39091627
2022,충청북도 옥천군,충청북도,옥천군,66498641,64254186,58724859,55254773,49127436,50053389,54140504,55227727,52201522,49016371,53150899,59245276
2022,충청북도 영동군,충청북도,영동군,46243925,45720217,41671904,38441915,33141909,33010629,34426195,35935089,35352782,31926673,38983602,43734912
2022,충청북도 진천군,충청북도,진천군,268061942,248120393,252058621,241537871,236150864,240709896,259280778,260362463,237208861,231155662,238033380,252527050
2022,충청북도 괴산군,충청북도,괴산군,62783203,60517706,53082293,48481997,43828761,44580054,47944538,51761924,47347769,44006018,50394641,57591726
2022,충청북도 음성군,충청북도,음성군,310044841,289984138,284701477,271571347,254214076,261310452,282460364,285220837,264874888,254873193,274998253,300472864
2022,충청북도 단양군,충청북도,단양군,159584631,140603073,160585624,164656589,154797650,147379016,169047635,139605817,148526715,172022867,170768697,169696284
2022,충청북도 청주시,충청북도,청주시,1229159553,1146539782,1150531675,1102454166,1089689181,1122339652,1252303749,1285894931,1171355438,1111351263,1117248439,1203783133
2022,충청북도 증평군,충청북도,증평군,55092884,51970016,52460896,47674528,47752847,46638642,53372027,53306083,49564249,44743060,44875220,48876887
2022,충청남도 아산시,충청남도,아산시,1218821576,1268628819,1033827163,1120451616,1115403589,1094884281,1171732240,1171228106,1094813299,1076043552,1078059089,1136653714
2022,충청남도 보령시,충청남도,보령시,126639646,127745160,117323967,117041580,111158684,111789040,112694021,136721146,120824068,112987243,119465870,119927178
2022,충청남도 공주시,충청남도,공주시,122103617,117708202,104817425,97103876,85715488,88969267,97707306,104136396,94153290,86669367,99986316,107182551
2022,충청남도 서산시,충청남도,서산시,889102410,824205667,888798407,805458067,762709708,820743513,874136489,871616104,821620889,855946027,867198560,861212894
2022,충청남도 천안시,충청남도,천안시,770015010,731493997,710611930,677975124,662254410,691197852,768446157,791776962,720268171,670120508,684478393,742298320
2022,충청남도 금산군,충청남도,금산군,94798366,90362677,87577219,82033855,75082108,76530941,78542416,82290275,74384111,74167414,81624511,88768398
2022,충청남도 계룡시,충청남도,계룡시,26426924,24982338,22273832,21208684,20462874,22217990,26201025,27419872,22773021,20748894,21544022,25193269
2022,충청남도 논산시,충청남도,논산시,147392311,144080971,131565752,118063614,106854666,110258866,119332308,128679343,115752897,105758903,119971599,129343443
2022,충청남도 부여군,충청남도,부여군,75665733,75648923,64958191,56247739,49421961,52548130,54445542,60513568,52294931,46629117,55837078,60873214
2022,충청남도 서천군,충청남도,서천군,124768667,122009485,112988688,104276310,84362298,87103615,88052198,86873471,83631964,87660395,96398021,101556269
2022,충청남도 청양군,충청남도,청양군,36712815,36312406,31918225,29316009,26058643,27515757,29472294,33317430,31106638,26957765,32693168,32670999
2022,충청남도 홍성군,충청남도,홍성군,103100020,100626881,90397008,84802790,75141292,76238913,86632163,95631391,85681854,75645063,92132355,92363199
2022,충청남도 예산군,충청남도,예산군,130107966,123422167,117857617,110150346,102612307,104504244,110229883,114361162,106075812,101990572,112705390,119766091
2022,충청남도 당진시,충청남도,당진시,671700256,577076568,599474003,599421723,602843588,569261955,620954796,578743623,538925233,478971413,505313548,606429201
2022,충청남도 태안군,충청남도,태안군,69795363,68974601,62009845,64678703,79083439,71811773,54146619,74255622,97222325,86699419,85147721,96229610
2022,전라북도 군산시,전라북도,군산시,533822798,482482963,511350947,484257218,488363036,494222983,524137761,505092602,489675546,501988782,488578067,505154022
2022,전라북도 익산시,전라북도,익산시,290794128,279252204,269251007,258341121,242121993,253977986,274144092,286686320,261602756,242040474,240202977,259620338
2022,전라북도 정읍시,전라북도,정읍시,170650990,164775142,159685992,154429158,146350457,153482261,166312253,165908650,157290653,140893809,152767887,154920657
2022,전라북도 남원시,전라북도,남원시,64596939,64385019,58687576,55535727,50462238,52506298,56220325,61319809,56427380,51550766,54824511,66226693
2022,전라북도 김제시,전라북도,김제시,112135743,109466903,100365824,94958234,84921158,87525269,95965857,101312209,93556833,86583371,99753080,108165930
2022,전라북도 완주군,전라북도,완주군,169611534,160161082,158825225,143336070,140024026,146505086,161045263,162641445,148102183,142459384,150271404,164567732
2022,전라북도 진안군,전라북도,진안군,22971679,22748269,19495869,17804696,14994320,14610991,15526236,17307337,17757913,16324250,19150357,20722642
2022,전라북도 무주군,전라북도,무주군,27241682,23948854,19618559,17171782,15020803,15380050,16461800,17910933,17200392,15602775,17779124,24206399
2022,전라북도 장수군,전라북도,장수군,27019195,26535845,21768738,19572532,15351319,14057038,14594368,16085518,15822569,15442551,19372173,22810393
2022,전라북도 임실군,전라북도,임실군,31712441,30923338,28103774,25504413,22650860,23292260,24186015,27068329,25291631,22979320,26728191,27600771
2022,전라북도 순창군,전라북도,순창군,26025817,25246868,23141069,21953306,20656242,21974749,23619469,25458983,24559625,21688512,22471363,26784899
2022,전라북도 고창군,전라북도,고창군,66384400,63954454,56835809,55602861,48044085,49665349,53714110,58392521,54301487,49548973,57142354,76316258
2022,전라북도 부안군,전라북도,부안군,49122619,47855551,42864661,40177015,36139268,37815294,42625557,48630416,42919841,37484366,43420365,41959621
2022,전라북도 전주시,전라북도,전주시,417222478,403165224,383140652,367499314,345058108,356935512,416345035,435587832,385458982,356988235,343545090,381963905
2022,전라남도 목포시,전라남도,목포시,103119147,101467922,91721337,88504784,74827639,78939938,95492813,109610482,98292459,80356839,79391545,89258998
2022,전라남도 여수시,전라남도,여수시,1324376342,1184378862,1275978401,1205171047,1227561992,1239306808,1344860867,1360350868,1262681245,1426263935,700052102,1292731654
2022,전라남도 순천시,전라남도,순천시,202540839,192491095,187269559,171668522,175233583,177725547,202397550,215737896,197313104,163555892,171590061,188110030
2022,전라남도 나주시,전라남도,나주시,131103806,124478645,116360148,110637784,97157751,111072301,123727545,132898777,121045249,102474970,112755809,119012052
2022,전라남도 광양시,전라남도,광양시,396476417,356675712,468962700,456404686,479198362,394495824,403830039,383554991,391736138,515564619,381502599,422869070
2022,전라남도 담양군,전라남도,담양군,57536322,54865873,48833377,44735370,39894753,41202625,44604847,47632719,45355266,39722155,42697318,46799056
2022,전라남도 곡성군,전라남도,곡성군,38554276,37890773,37123382,34962900,33376458,36743146,39477494,39136954,35861420,34744197,37312487,37061612
2022,전라남도 구례군,전라남도,구례군,18016494,17442527,15150076,14532274,12964264,13919333,15362326,17033211,15566128,13616064,14867500,16631396
2022,전라남도 고흥군,전라남도,고흥군,68148269,65903376,59738475,47038289,36261274,38057375,41861782,47540070,43798707,37336011,46411909,42280928
2022,전라남도 보성군,전라남도,보성군,31584502,30692688,26426466,25502388,22285586,23418972,25833998,29406379,27220200,23423826,27615876,30317427
2022,전라남도 화순군,전라남도,화순군,57987278,55871508,47176233,44056458,37775132,39111113,44092246,48447992,44395880,39098920,45678047,50507966
2022,전라남도 장흥군,전라남도,장흥군,38719530,39082522,35067878,34095160,26734424,27627884,30827948,35329427,32028919,27888680,37331372,32407564
2022,전라남도 강진군,전라남도,강진군,42182012,42894205,37369916,34012468,29230033,28491775,30319243,34205751,32294487,29184562,38919108,35637089
2022,전라남도 해남군,전라남도,해남군,82089076,86272754,79436016,67872151,52640626,57716593,61879943,67181157,56881270,50798155,72981191,74193885
2022,전라남도 영암군,전라남도,영암군,107199054,109927401,103506823,97026594,93335353,104432755,110561229,111497186,103168152,95915514,99453955,107172321
2022,전라남도 무안군,전라남도,무안군,65664070,65449114,59633012,56636379,53015566,57768637,67912587,72376520,65060470,55867595,66956700,61934955
2022,전라남도 함평군,전라남도,함평군,40832978,40228428,35853083,34711289,29959445,30962959,34710552,37906780,36233522,32243926,40962460,38480383
2022,전라남도 영광군,전라남도,영광군,67905109,65761487,64497621,62509463,66762668,58570843,67118898,77074469,62581177,66909430,99352874,93384534
2022,전라남도 장성군,전라남도,장성군,63050028,55574824,56991939,55494880,51826533,51175360,53644853,57815137,54334865,51279419,55916271,55322731
2022,전라남도 완도군,전라남도,완도군,87134109,94859182,97845391,106670214,91775774,86419622,91270546,100851230,99403768,93808632,98089750,79056853
2022,전라남도 진도군,전라남도,진도군,34964554,34474773,32708784,31952208,25817819,27110381,29264930,32540978,29797083,29310159,33083889,28758759
2022,전라남도 신안군,전라남도,신안군,29092148,30348722,27669369,27215365,22424008,23607332,27830011,34512301,32646888,26605369,29437732,27650428
2022,경상북도 경주시,경상북도,경주시,372242363,354876781,339983672,324291101,310311363,318059835,344514177,352144892,331498706,320762477,341761143,371509647
2022,경상북도 김천시,경상북도,김천시,223412884,210739868,205242379,200582445,192716900,196322757,212290332,208776795,194855249,193600394,203975538,213385195
2022,경상북도 안동시,경상북도,안동시,120522909,117482031,104624712,97408254,88785158,94356736,105344249,110498570,99742361,88279651,98176325,109053893
2022,경상북도 구미시,경상북도,구미시,853227045,785453815,814947460,786613384,797970902,819037071,892922317,881976169,794376133,759081151,737490168,762087134
2022,경상북도 영주시,경상북도,영주시,162748111,149751516,147440776,145201859,143662136,139236609,145444375,154661908,144615863,135866480,138909336,157884569
2022,경상북도 영천시,경상북도,영천시,150832835,144137510,135925684,133968232,122425427,127239332,135651123,132493184,128155081,123779203,133032218,140961903
2022,경상북도 상주시,경상북도,상주시,82288602,79977922,68107161,63708690,57931228,61187948,65185628,69739509,63302175,57126896,75818284,75653241
2022,경상북도 문경시,경상북도,문경시,61480036,60827373,54221498,49845974,44169800,45027146,49084233,51761550,48681628,44828352,50665691,57009824
2022,경상북도 경산시,경상북도,경산시,259339742,245815880,234909266,229458012,216252486,226288263,248655902,252939084,233992087,218746310,227356059,245724410
2022,경상북도 군위군,경상북도,군위군,32894087,31570488,28912735,27043443,24726355,26230038,28057011,28393342,27137934,25522969,27346779,29249565
2022,경상북도 의성군,경상북도,의성군,42933369,42159196,36880888,35544257,34776345,39860460,40479181,43608594,38005549,32941586,36669882,38122800
2022,경상북도 청송군,경상북도,청송군,21334904,21076354,17951379,17362025,15597871,15948784,15867205,16350844,16258031,15325288,17809188,19675185
2022,경상북도 영양군,경상북도,영양군,11850532,12247434,10311614,9174670,7678571,7523142,7915419,8764867,11035849,9206453,9092199,10144720
2022,경상북도 영덕군,경상북도,영덕군,29907369,29111412,24825405,24344991,22088624,22637139,24991385,27288394,23884917,22357381,24729515,26440008
2022,경상북도 청도군,경상북도,청도군,51836572,48482049,42356458,40185100,35964359,38150076,41761087,44305711,40824321,38583468,43790743,46420573
2022,경상북도 고령군,경상북도,고령군,123467335,110084662,120170642,114513656,107672785,107182130,110332117,108375515,102896421,106291740,112612949,114084876
2022,경상북도 성주군,경상북도,성주군,106216639,100636816,95525349,93961869,85411688,85416601,90033139,88353787,84330926,85098208,91999767,97026845
2022,경상북도 칠곡군,경상북도,칠곡군,191310212,187208560,174341503,169504478,157405285,163068778,175728256,173812858,162353172,154725677,164448573,177729500
2022,경상북도 예천군,경상북도,예천군,39887963,39278109,33842852,30911404,28669800,31281596,34019387,36591662,32099906,28725069,35726361,35499566
2022,경상북도 봉화군,경상북도,봉화군,176698680,163879235,169920599,169367067,165428073,136359962,150842637,153718127,167539488,174722850,160005267,24819274
2022,경상북도 울진군,경상북도,울진군,68981600,65885369,70779120,82104770,82580919,56429496,51762991,42346948,41553574,49697110,62935531,54700504
2022,경상북도 울릉군,경상북도,울릉군,6470285,6214218,5735136,6312733,5824991,5717191,6007778,6675827,5711510,5676185,6117684,5864418
2022,경상북도 포항시,경상북도,포항시,975122292,841939360,966289854,876300964,902883566,809917775,912922600,892110592,604335375,665907236,739038563,850726970
2022,경상남도 진주시,경상남도,진주시,297974080,285946335,252548017,229870334,199521662,203105461,224235235,237491412,215711296,193711070,212139070,250420970
2022,경상남도 창원시,경상남도,창원시,983461626,895103725,911601465,870338656,843189974,857883130,957683906,951874446,873408045,837874952,844208206,921354096
2022,경상남도 통영시,경상남도,통영시,97042853,93883076,85955333,79323413,72706646,73665614,83982712,91861664,81982444,75183302,76441369,86264349
2022,경상남도 사천시,경상남도,사천시,132890873,125718343,120826863,113869722,108486003,111651988,123274221,127619785,118459156,109847140,113931488,122690123
2022,경상남도 김해시,경상남도,김해시,512496972,490380546,459700296,448693264,416854923,435224329,480572420,492132754,456812680,420824918,441896474,474152588
2022,경상남도 밀양시,경상남도,밀양시,149841829,143932371,127359293,111130612,93177160,92656958,101322304,104367136,96349745,90955464,102351633,125756462
2022,경상남도 거제시,경상남도,거제시,180099982,167474880,159498682,154613055,147796384,158015486,183628769,192732350,169215375,151085444,149387099,170834031
2022,경상남도 의령군,경상남도,의령군,42664924,40541231,36948817,31912103,29549398,29881989,32679947,34606870,30637311,29271529,32508449,35835343
2022,경상남도 함안군,경상남도,함안군,261793588,242677467,261634201,249540933,236862641,229693613,232196840,227671082,223602105,241148710,244973702,252203496
2022,경상남도 창녕군,경상남도,창녕군,109159492,102115182,93863325,85014130,76586448,82528956,90705089,90066035,82259339,77197605,83489041,96606634
2022,경상남도 양산시,경상남도,양산시,345023394,318262283,318575784,314679947,302211446,309654575,344623357,350797806,318831483,302532182,304754287,326449855
2022,경상남도 고성군,경상남도,고성군,85726641,73155694,69983274,70560484,66390310,68162977,58511351,62050688,69959312,56761893,61709314,65218047
2022,경상남도 남해군,경상남도,남해군,27448785,26990551,22818748,21805487,19645957,21518951,23536496,28238581,24513195,21301943,23106965,23596012
2022,경상남도 하동군,경상남도,하동군,41447314,44079998,37636342,37536130,33648155,31443008,30112183,33238122,32885086,32288697,38950534,43964987
2022,경상남도 산청군,경상남도,산청군,40408759,38511585,32753247,28766898,25499848,26683890,28662572,31888029,28730027,25558450,32263739,33627174
2022,경상남도 함양군,경상남도,함양군,29944841,29157423,25113247,24075184,20883760,21377886,24114328,26792413,25403410,22375154,25126405,26246854
2022,경상남도 거창군,경상남도,거창군,47136975,46763577,41135919,38684290,34859825,36597703,40323137,42721129,39643386,35555768,39599372,42243694
2022,경상남도 합천군,경상남도,합천군,45636602,44733986,38465802,34305782,29169802,32617619,34618202,36619276,33292960,30032086,36205270,37485997
2022,제주특별자치도 제주시,제주특별자치도,제주시,317382760,312863560,282631093,279015706,260799390,275897191,333992302,374992798,325234704,274007485,271833514,291704756
2022,제주특별자치도 서귀포시,제주특별자치도,서귀포시,235970974,247996771,219438140,216066207,191378889,182401818,197566647,221712922,197541741,170996896,169411175,194517951
2022,세종특별자치시 세종시,세종특별자치시,세종시,-298712777,320317372,313436948,303255300,290989455,301368688,333617467,351081461,329434500,298635306,307210784,331444784
2022,황해북도 개성시,황해북도,개성시,0,0,0,0,0,0,0,0,0,0,0,0